{"cameraMode":{"drawMode":0,"name":"Shaded","section":"Shading Mode"},"sceneLighting":true,"audioPlay":false,"sceneViewState":{"showFog":false,"showMaterialUpdate":false,"showSkybox":false,"showFlares":false,"showImageEffects":false,"showParticleSystems":false},"in2DMode":false,"pivot":{"x":-0.9454913139343262,"y":2.73738169670105,"z":-5.073124885559082},"rotation":{"x":-0.0027241967618465425,"y":-0.7735321521759033,"z":-0.0032034788746386768,"w":0.6338807940483093},"size":2.915040969848633,"orthographic":false}